company,sector,country,is_public,funding_efficiency,innovation_score,commercial_traction_score,technology_moat_score,risk_score,market_opportunity_score,founder_team_score,scalability_score,capital_intensity,global_expansion_score,simple_avg_score,weighted_score,topsis_score,ahp_score,rank_weighted,rank_topsis,rank_ahp,cluster_kmeans,cluster_hierarchical,cluster_dbscan,pca1,pca2,consensus_rank_score,final_rank
SpaceX,Space Technology,USA,False,100.0,51.954397394136805,100.0,100.0,97.35682819383258,65,100.0,100.0,0.0,100.0,81.43112255879694,85.84838640244514,0.7026362095019102,85.84838640244514,1,1,1,0,1,-1,4.341856743116649,2.0597809278307744,0.811729567667689,1
OpenAI,Artificial Intelligence,USA,False,9.963985594237695,78.0130293159609,100.0,81.42857142857143,95.59471365638767,95,77.77777777777779,100.0,30.252100840336134,94.11764705882352,76.21478256720951,78.74685150770647,0.7003201485419962,78.74685150770647,2,2,2,6,1,-1,2.7894028920159477,3.5091691297878156,0.7613240051165442,2
Quantinuum,Quantum Computing,USA,False,44.9779911964786,100.0,33.33333333333333,94.28571428571429,72.68722466960352,55,66.66666666666666,66.66666666666666,5.546218487394959,82.35294117647058,62.15167564823285,65.55739793714844,0.6576211057087722,65.55739793714844,4,3,4,0,1,-1,1.8600166655557018,2.7335659579796903,0.6561881172726707,3
Anthropic,Artificial Intelligence,USA,False,26.99579831932773,29.967426710097715,100.0,58.57142857142858,96.47577092511013,95,66.66666666666666,100.0,11.489185838269735,82.35294117647058,66.75192182073711,68.49203703807412,0.5315089050877062,68.49203703807413,3,5,3,6,1,-1,2.4816482585363158,1.9210117893151213,0.6388969307928307,4
Anduril Industries,Defence Technology,USA,False,9.744667097608275,9.201954397394138,100.0,82.85714285714285,98.23788546255507,80,66.66666666666666,100.0,30.775588924094226,82.35294117647058,65.98368465819318,65.2613652368962,0.46706423045550627,65.2613652368962,5,6,5,6,1,-1,2.2090578906809846,1.8674334224115787,0.5969488257949253,5
